corrected.NameF,corrected.NameR,TS.SequenceF,TS.SequenceR,Obtained,,,
Coleop_16Sc-68_F,Coleop_16Sd-68_R,TGCAAAGGTAGCATAATMATTAG,TCCATAGGGTCTTCTCGTC,,,Coleop_16Sc_68_F.Coleop_16Sd_68_R,470
Hadz_566-6_F,Mach2Gen-7_R,CAGCAGCCGCGGTAATTCC,TCCGTCAATTTCTTTAAGTTTCAG,,,Hadz_566_6_F.Mach2Gen_7_R,469
NdmlCOIlintF_1-72_F,dgHCO2198-72_R,GGAACAGGATGAACTGTTTACCCTCC,TAAACTTCAGGGTGACCAAARAAYCA,,,NdmlCOIlintF_1_72_F.dgHCO2198_72_R,315
515F-99_F,R1073-103_R,GTGCCAGCMGCCGCGGTAA,ACGAGCTGACGACARCCATG,473,,,
ArF5-105_F,ArR5-105_R,GCNCCNGAYATRKCNTTYCCNCG,CCNGTNYTNGCNGGNGCNATYAC,,,,
MarkN-10_F,Proti440R-28_R,GCTTGTCTCAAAGATTAAGCCN,CAGGCYCSCTCTCCGGA,,,MarkN_10_F.Proti440R_28_R,332
Gen_600-7_F,Hadz_1200-5_R,GCCGCGGTAATTCCAGCT,CCCGTGTTGAGTCAAATTAAGC,,,Gen_600_7_F.Hadz_1200_5_R,472
L2513-64_F,H2714-64_R,GCCTGTTTACCAAAAACATCAC,CTCCATAGGGTCTTCTCGTCTT,,,L2513_64_F.H2714_64_R,256
27M_F-98_F,CCR-98_R,AGRGTTTGATCMTGGCTCAG,GCTGCCTCCCGTAGGAGTCTGG,,,27M_F_98_F.CCR_98_R,312
Gen_600-7_F,Mach2Gen-7_R,GCCGCGGTAATTCCAGCT,TCCGTCAATTTCTTTAAGTTTCAG,,,Gen_600_7_F.Mach2Gen_7_R,470
MarkN-10_F,Euk360_CR-21_R,GCTTGTCTCAAAGATTAAGCCN,TCTCAKGCKCCYTCTCCG,,,MarkN_10_F.Euk360_CR_21_R,472
Mach1-9_F,Mach2Gen-7_R,TGGTGCCAGCAGCCGC,TCCGTCAATTTCTTTAAGTTTCAG,,,Mach1_9_F.Mach2Gen_7_R,472
Proti643-31_F,Proti1580R-32_R,CCGCGGTAATTCCAGCTC,TKGTGGTRCCMYTCCGTCAA,,,Proti643_31_F.Proti1580R_32_R,474
NLF184cw -74_F,NL818cw-74_R,TACCCGCTGAAYTTAAGCATAT,AGACTCCTTGGTCCRTGT,,,NLF184cw_74_F.NL818cw_74_R,472
12S_F_Long-108_F,12S_R_Long-108_R,ATAAATAAGTAAAATTTGGC,GTACCACCTCTAAATAATCTTC,,,,
LSU_Fwd_2_3Mod-55_F,LSU_Rev_4-54_R,ACAAGTACCDTRAGGGAAAGTT,GTTAGACTYCTTGGTCCGTG,,,LSU_Fwd_2_3Mod_55_F.LSU_Rev_4_54_R,311
Proti643-31_F,wang1141CR-14_R,CCGCGGTAATTCCAGCTC,GGTGCCCTTCCGTCAATTC,,,Ins16S_1shortF_70_F.Ins16S_1shortR_70_R,265
16S.1100.F16-100_F,1492R-100_R,CAACGAGCGCAACCCT,TACGGYTACCTTGTTAYGACTT,,,Proti643_31_F.wang1141CR_14_R,475
Nem_0425_6CR-14_F,EukB_MH-24_R,ATAACAGGTCTGTGATGCCCTT,TGATCCTTCTGCAGGTTCACC,,,16S.1100.F16_100_F.1492R_100_R,377
D3A_5Mod-46_F,D3B_5Mod-46_R,CCGTCTTGAAACACGGA,CGGAAGGAACCAGCTACTA,,,Nem_0425_6CR_14_F.EukB_MH_24_R,338
16S_F_Ces-107_F,16S_R_Ces-107_R,CAATTAATTATGCTACCTT,CGTCTGTTTATYAAAAACATTTC,338,,D3A_5Mod_46_F.D3B_5Mod_46_R,284
fwhF2-106_F,fwhR2n-106_R,GGDACWGGWTGAACWGTWTAYCCHCC,GTRATWGCHCCDGCTARWACWGG,,,fwhF2_106_F.fwhR2n_106_R,246
Gen_600-7_F,Nem_0425_4-2_R,GCCGCGGTAATTCCAGCT,ARACATTCTTGGCAAATGCYTTC,,,Gen_600_7_F.Nem_0425_4_2_R,355
JB3-109_F,JB4.5-109_R,TTTTTTGGGCATCCTGAGGTTTAT,TAAAGAAAGAACATAATGAAAATG,,,Proti15_25_F.Proti440R_28_R,364
Proti15-25_F,Proti440R-28_R,TGCCAGTAGTCATATGCTTGTYT,CAGGCYCSCTCTCCGGA,,,Ave12F_91_F.Ave12R_92_R,473
Ave12F-91_F,Ave12R-92_R,AAGACAGGTCAAGGTATAGC,GAGGGTGACGGGCGGTATG,,,Proti628_30_F.wang1141CR_14_R,476
Proti628-30_F,wang1141CR-14_R,GTCTGGTGCCAGCASCC,GGTGCCCTTCCGTCAATTC,,,Prot1702_32_F.wang1624CR6S_16_R,344
Prot1702-32_F,wang1624CR6S-16_R,YGGTGRTGCATGGCCGYT,GGGCGGTGTGTACAAAGG,,,18S9modF_88_F.18S637modR_89_R,463
18S9modF-88_F,18S637modR-89_R,ATCCTGCCAGTAGTCATATGCTTG,TACGCTWYTGGAGCTGGAGTTACCG,,,Hadz_566_6_F.Nem_0425_4_2_R,343
Hadz_566-6_F,Nem_0425_4-2_R,CAGCAGCCGCGGTAATTCC,ARACATTCTTGGCAAATGCYTTC,,,F1073_101_F.1492R_100_R,470
F1073-101_F,1492R-100_R,CATGGYTGTCGTCAGCTCGT,TACGGYTACCTTGTTAYGACTT,,,F52_69_F.R193_69_R,468
Ins16S_1shortF-70_F,Ins16S_1shortR-70_R,RGACGAGAAGACCCTATARA,ACGCTGTTATCCCTAARGTA,,,Prot1702_32_F.EukB_MH_24_R,473
F52-69_F,R193-69_R,GTTGGATTCAAAGCTGGTGTTA,CVGTCCAMACAGTWGTCCATGT,,,Proti1580_33_F.wang1624CR6S_16_R,474
Prot1702-32_F,EukB_MH-24_R,YGGTGRTGCATGGCCGYT,TGATCCTTCTGCAGGTTCACC,,,ADM330_18_F.Klin0785_CR_19_R,431
Proti1580-33_F,wang1624CR6S-16_R,TTGACGGARKGGYACCACMA,GGGCGGTGTGTACAAAGG,,,S2F_80_F.S3R_81_R,471
trnL(UAA)g-65_F,trnL(UAA)h-65_R,GGGCAATCCTGAGCCAA,CCATTGAGTCTCTGCACCTATC,,,18S_0067a_deg_5Mod_52_F.NSR399_5Mod_52_R,313
ADM330-18_F,Klin0785_CR-19_R,ACTCCTACGGGAGGCAGC,GACTACHVGGGTATCTAATCC,,,mlCOIintF_XT_104_F.JgHCO2198_104_R,315
16SA-L-110_F,16SB-H-110_R,CGCCTGTTTATCAAAAACAT,CCGGTCTGAACTCAGATCACGT,470,,Prot1702_32_F.EukB_MV_25_R,473
S2F-80_F,S3R-81_R,ATGCGATACTTGGTGTGAAT,GACGCTTCTCCAGACTACAAT,,,18S_0067a_deg_3Mod_53_F.NSR399_3Mod_53_R,314
18S_0067a_deg_5Mod-52_F,NSR 399_5Mod-52_R,GCCATGCATGYCTAAGTATMA,AGGCTCCYTCTCCGG,,,Klin0341_19_F.Klin0785_CR_19_R,407
mlCOIintF_XT-104_F,JgHCO2198-104_R,GGWACWRGWTGRACWNTNTAYCCYCC,TANACYTCNGGRTGNCCRAARAAYCA,,,wang1141_13_F.Nem_0425_6_3_R,262
Prot1702-32_F,EukB_MV-25_R,YGGTGRTGCATGGCCGYT,TCCTTCTGCAGGTTCACCTAC,,,ZBJ_ArtF1c_67_F.ZBJ_ArtR2c_67_R,289
18S_0067a_deg_3Mod-53_F,NSR 399_3Mod-53_R,AAGCCATGCATGYCTAAGTATM,TCTCAGGCTCCYTCTCC,,,,
Klin0341-19_F,Klin0785_CR-19_R,CCTACGGGNGGCWGCAG,GACTACHVGGGTATCTAATCC,,,,
wang1141-13_F,Nem_0425_6-3_R,GAATTGACGGAAGGGCACC,AAGGGCATCACAGACCTGTTAT,,,,
ZBJ_ArtF1c-67_F,ZBJ_ArtR2c-67_R,AGATATTGGAACWTTATATTTTATTTTTGG,WACTAATCAATTWCCAAATCCTCC,,,,
