corrected.NameF,corrected.NameR,TS.SequenceF,TS.SequenceR
Coleop_16Sc-68_F,Coleop_16Sd-68_R,TGCAAAGGTAGCATAATMATTAG,TCCATAGGGTCTTCTCGTC
Hadz_566-6_F,Mach2Gen-7_R,CAGCAGCCGCGGTAATTCC,TCCGTCAATTTCTTTAAGTTTCAG
NdmlCOIlintF_1-72_F,dgHCO2198-72_R,GGAACAGGATGAACTGTTTACCCTCC,TAAACTTCAGGGTGACCAAARAAYCA
515F-99_F,R1073-103_R,GTGCCAGCMGCCGCGGTAA,ACGAGCTGACGACARCCATG
ArF5-105_F,ArR5-105_R,GCNCCNGAYATRKCNTTYCCNCG,CCNGTNYTNGCNGGNGCNATYAC
MarkN-10_F,Proti440R-28_R,GCTTGTCTCAAAGATTAAGCCN,CAGGCYCSCTCTCCGGA
Gen_600-7_F,Hadz_1200-5_R,GCCGCGGTAATTCCAGCT,CCCGTGTTGAGTCAAATTAAGC
L2513-64_F,H2714-64_R,GCCTGTTTACCAAAAACATCAC,CTCCATAGGGTCTTCTCGTCTT
27M_F-98_F,CCR-98_R,AGRGTTTGATCMTGGCTCAG,GCTGCCTCCCGTAGGAGTCTGG
Gen_600-7_F,Mach2Gen-7_R,GCCGCGGTAATTCCAGCT,TCCGTCAATTTCTTTAAGTTTCAG
MarkN-10_F,Euk360_CR-21_R,GCTTGTCTCAAAGATTAAGCCN,TCTCAKGCKCCYTCTCCG
Mach1-9_F,Mach2Gen-7_R,TGGTGCCAGCAGCCGC,TCCGTCAATTTCTTTAAGTTTCAG
Proti643-31_F,Proti1580R-32_R,CCGCGGTAATTCCAGCTC,TKGTGGTRCCMYTCCGTCAA
NLF184cw -74_F,NL818cw-74_R,TACCCGCTGAAYTTAAGCATAT,AGACTCCTTGGTCCRTGT
12S_F_Long-108_F,12S_R_Long-108_R,ATAAATAAGTAAAATTTGGC,GTACCACCTCTAAATAATCTTC
LSU_Fwd_2_3Mod-55_F,LSU_Rev_4-54_R,ACAAGTACCDTRAGGGAAAGTT,GTTAGACTYCTTGGTCCGTG
Proti643-31_F,wang1141CR-14_R,CCGCGGTAATTCCAGCTC,GGTGCCCTTCCGTCAATTC
16S.1100.F16-100_F,1492R-100_R,CAACGAGCGCAACCCT,TACGGYTACCTTGTTAYGACTT
Nem_0425_6CR-14_F,EukB_MH-24_R,ATAACAGGTCTGTGATGCCCTT,TGATCCTTCTGCAGGTTCACC
D3A_5Mod-46_F,D3B_5Mod-46_R,CCGTCTTGAAACACGGA,CGGAAGGAACCAGCTACTA
16S_F_Ces-107_F,16S_R_Ces-107_R,CAATTAATTATGCTACCTT,CGTCTGTTTATYAAAAACATTTC
fwhF2-106_F,fwhR2n-106_R,GGDACWGGWTGAACWGTWTAYCCHCC,GTRATWGCHCCDGCTARWACWGG
Gen_600-7_F,Nem_0425_4-2_R,GCCGCGGTAATTCCAGCT,ARACATTCTTGGCAAATGCYTTC
JB3-109_F,JB4.5-109_R,TTTTTTGGGCATCCTGAGGTTTAT,TAAAGAAAGAACATAATGAAAATG
Proti15-25_F,Proti440R-28_R,TGCCAGTAGTCATATGCTTGTYT,CAGGCYCSCTCTCCGGA
Ave12F-91_F,Ave12R-92_R,AAGACAGGTCAAGGTATAGC,GAGGGTGACGGGCGGTATG
Proti628-30_F,wang1141CR-14_R,GTCTGGTGCCAGCASCC,GGTGCCCTTCCGTCAATTC
Prot1702-32_F,wang1624CR6S-16_R,YGGTGRTGCATGGCCGYT,GGGCGGTGTGTACAAAGG
18S9modF-88_F,18S637modR-89_R,ATCCTGCCAGTAGTCATATGCTTG,TACGCTWYTGGAGCTGGAGTTACCG
Hadz_566-6_F,Nem_0425_4-2_R,CAGCAGCCGCGGTAATTCC,ARACATTCTTGGCAAATGCYTTC
F1073-101_F,1492R-100_R,CATGGYTGTCGTCAGCTCGT,TACGGYTACCTTGTTAYGACTT
Ins16S_1shortF-70_F,Ins16S_1shortR-70_R,RGACGAGAAGACCCTATARA,ACGCTGTTATCCCTAARGTA
F52-69_F,R193-69_R,GTTGGATTCAAAGCTGGTGTTA,CVGTCCAMACAGTWGTCCATGT
Prot1702-32_F,EukB_MH-24_R,YGGTGRTGCATGGCCGYT,TGATCCTTCTGCAGGTTCACC
Proti1580-33_F,wang1624CR6S-16_R,TTGACGGARKGGYACCACMA,GGGCGGTGTGTACAAAGG
trnL(UAA)g-65_F,trnL(UAA)h-65_R,GGGCAATCCTGAGCCAA,CCATTGAGTCTCTGCACCTATC
ADM330-18_F,Klin0785_CR-19_R,ACTCCTACGGGAGGCAGC,GACTACHVGGGTATCTAATCC
16SA-L-110_F,16SB-H-110_R,CGCCTGTTTATCAAAAACAT,CCGGTCTGAACTCAGATCACGT
S2F-80_F,S3R-81_R,ATGCGATACTTGGTGTGAAT,GACGCTTCTCCAGACTACAAT
18S_0067a_deg_5Mod-52_F,NSR 399_5Mod-52_R,GCCATGCATGYCTAAGTATMA,AGGCTCCYTCTCCGG
mlCOIintF_XT-104_F,JgHCO2198-104_R,GGWACWRGWTGRACWNTNTAYCCYCC,TANACYTCNGGRTGNCCRAARAAYCA
Prot1702-32_F,EukB_MV-25_R,YGGTGRTGCATGGCCGYT,TCCTTCTGCAGGTTCACCTAC
18S_0067a_deg_3Mod-53_F,NSR 399_3Mod-53_R,AAGCCATGCATGYCTAAGTATM,TCTCAGGCTCCYTCTCC
Klin0341-19_F,Klin0785_CR-19_R,CCTACGGGNGGCWGCAG,GACTACHVGGGTATCTAATCC
wang1141-13_F,Nem_0425_6-3_R,GAATTGACGGAAGGGCACC,AAGGGCATCACAGACCTGTTAT
ZBJ_ArtF1c-67_F,ZBJ_ArtR2c-67_R,AGATATTGGAACWTTATATTTTATTTTTGG,WACTAATCAATTWCCAAATCCTCC
